filename,width,height,class,xmin,ymin,xmax,ymax
IMG_20190318_161234_BURST6.jpg,800,450,drone,451,49,462,58
IMG_20190311_131447.jpg,800,450,drone,689,49,708,66
IMG_20190311_131410_BURST8.jpg,800,450,drone,227,63,247,84
IMG_20190318_161028_BURST8.jpg,800,450,drone,304,70,316,79
IMG_20190318_160837_BURST12.jpg,800,450,drone,311,97,333,115
IMG_20190318_160824_BURST1.jpg,800,450,drone,326,107,360,132
IMG_20190318_160959_BURST9.jpg,800,450,drone,448,60,464,75
IMG_20190311_131137.jpg,800,450,drone,348,123,392,155
IMG_20190318_161234_BURST16.jpg,800,450,drone,510,44,521,55
IMG_20190318_160959_BURST14.jpg,800,450,drone,362,46,379,60
IMG_20190318_161011_BURST5.jpg,800,450,drone,408,84,422,96
IMG_20190311_131731.jpg,800,450,drone,309,132,317,139
IMG_20190311_131043.jpg,800,450,drone,522,63,577,102
IMG_20190311_131725.jpg,800,450,drone,180,87,187,95
IMG_20190318_161248_BURST10.jpg,800,450,drone,427,59,438,69
IMG_20190311_131902.jpg,800,450,drone,490,37,502,47
IMG_20190311_131950_BURST4.jpg,800,450,drone,149,69,166,83
IMG_20190318_160714_BURST12.jpg,800,450,drone,370,104,417,140
IMG_20190318_160924_BURST6.jpg,800,450,drone,331,72,343,83
IMG_20190318_161046_BURST14.jpg,800,450,drone,356,65,368,73
IMG_20190318_161248_BURST38.jpg,800,450,drone,494,72,506,81
IMG_20190318_160910_BURST8.jpg,800,450,drone,345,94,367,109
IMG_20190311_132012.jpg,800,450,drone,258,170,268,180
IMG_20190311_131527.jpg,800,450,drone,376,163,395,181
IMG_20190318_160932_BURST19.jpg,800,450,drone,374,71,385,82
IMG_20190311_132004_BURST2.jpg,800,450,drone,302,157,315,167
IMG_20190318_161257_BURST62.jpg,800,450,drone,172,61,187,70
IMG_20190318_161257_BURST63.jpg,800,450,drone,169,55,182,65
IMG_20190311_132004_BURST3.jpg,800,450,drone,301,159,314,166
IMG_20190311_131948_1.jpg,800,450,drone,167,45,185,58
IMG_20190311_131526.jpg,800,450,drone,377,169,395,187
IMG_20190311_132013.jpg,800,450,drone,346,138,358,148
IMG_20190318_160910_BURST9.jpg,800,450,drone,347,95,373,112
IMG_20190318_160924_BURST7.jpg,800,450,drone,324,70,339,83
IMG_20190318_160714_BURST13.jpg,800,450,drone,364,91,415,131
IMG_20190318_161248_BURST39.jpg,800,450,drone,506,51,516,58
IMG_20190318_161046_BURST15.jpg,800,450,drone,347,70,360,81
IMG_20190311_131855_1.jpg,800,450,drone,356,32,370,45
IMG_20190311_131950_BURST5.jpg,800,450,drone,149,68,164,81
IMG_20190318_161248_BURST11.jpg,800,450,drone,407,63,418,72
IMG_20190311_131917.jpg,800,450,drone,73,119,92,135
IMG_20190311_131042.jpg,800,450,drone,479,156,524,191
IMG_20190311_131724.jpg,800,450,drone,239,90,247,99
IMG_20190311_131730.jpg,800,450,drone,304,115,314,125
IMG_20190318_161011_BURST4.jpg,800,450,drone,393,89,407,100
IMG_20190311_131056.jpg,800,450,drone,330,138,385,179
IMG_20190318_160959_BURST15.jpg,800,450,drone,335,37,352,53
IMG_20190318_161041_BURST1.jpg,800,450,drone,411,72,428,84
IMG_20190318_161234_BURST17.jpg,800,450,drone,515,44,528,54
IMG_20190311_131136.jpg,800,450,drone,367,137,415,173
IMG_20190318_160959_BURST8.jpg,800,450,drone,452,62,469,76
IMG_20190311_131122.jpg,800,450,drone,458,185,513,222
IMG_20190318_161011_BURST16.jpg,800,450,drone,489,71,500,82
IMG_20190318_160837_BURST13.jpg,800,450,drone,311,94,335,111
IMG_20190318_161028_BURST9.jpg,800,450,drone,282,68,295,77
IMG_20190311_131446.jpg,800,450,drone,684,41,704,60
IMG_20190318_161234_BURST7.jpg,800,450,drone,456,48,466,59
IMG_20190318_161234_BURST5.jpg,800,450,drone,445,49,455,57
IMG_20190311_131450.jpg,800,450,drone,525,72,542,87
IMG_20190311_131444.jpg,800,450,drone,600,43,620,61
IMG_20190318_160809_BURST8.jpg,800,450,drone,363,86,406,116
IMG_20190318_161011_BURST14.jpg,800,450,drone,473,74,487,87
IMG_20190318_160837_BURST11.jpg,800,450,drone,320,102,345,119
IMG_20190311_131108.jpg,800,450,drone,253,147,310,189
IMG_20190311_131134.jpg,800,450,drone,375,151,417,182
IMG_20190311_131120.jpg,800,450,drone,398,216,455,255
IMG_20190318_161234_BURST15.jpg,800,450,drone,502,46,514,56
IMG_20190318_161041_BURST3.jpg,800,450,drone,372,96,387,109
IMG_20190318_161234_BURST29.jpg,800,450,drone,445,44,455,53
IMG_20190318_160959_BURST17.jpg,800,450,drone,305,29,323,43
IMG_20190311_131726.jpg,800,450,drone,447,114,458,121
IMG_20190311_131040.jpg,800,450,drone,249,142,307,179
IMG_20190311_131054.jpg,800,450,drone,316,126,367,169
IMG_20190318_161011_BURST6.jpg,800,450,drone,417,84,428,94
IMG_20190311_131732.jpg,800,450,drone,292,111,302,119
IMG_20190311_131901.jpg,800,450,drone,387,58,399,69
IMG_20190318_160744_BURST8.jpg,800,450,drone,300,109,341,136
IMG_20190311_131915.jpg,800,450,drone,31,78,48,94
IMG_20190318_161046_BURST17.jpg,800,450,drone,352,63,365,72
IMG_20190318_160714_BURST11.jpg,800,450,drone,366,97,421,134
IMG_20190318_160924_BURST5.jpg,800,450,drone,330,73,343,83
IMG_20190311_131950_BURST7.jpg,800,450,drone,149,65,165,80
IMG_20190311_132011.jpg,800,450,drone,292,182,304,191
IMG_20190311_131524.jpg,800,450,drone,364,194,383,210
IMG_20190311_132026_1.jpg,800,450,drone,419,161,432,173
IMG_20190311_132039.jpg,800,450,drone,449,76,461,85
IMG_20190318_161025_BURST8.jpg,800,450,drone,338,43,351,53
IMG_20190318_161257_BURST49.jpg,800,450,drone,234,176,246,186
IMG_20190318_161257_BURST61.jpg,800,450,drone,177,69,191,79
IMG_20190311_132004_BURST1.jpg,800,450,drone,305,162,318,172
IMG_20190318_161257_BURST60.jpg,800,450,drone,181,76,194,85
IMG_20190318_161257_BURST48.jpg,800,450,drone,245,183,255,191
IMG_20190318_161025_BURST9.jpg,800,450,drone,331,43,345,53
IMG_20190311_132038.jpg,800,450,drone,377,77,389,87
IMG_20190311_131531.jpg,800,450,drone,428,229,448,248
IMG_20190311_132010.jpg,800,450,drone,299,187,309,197
IMG_20190311_131950_BURST6.jpg,800,450,drone,150,68,165,79
IMG_20190318_161046_BURST16.jpg,800,450,drone,347,71,359,79
IMG_20190318_160924_BURST4.jpg,800,450,drone,338,76,350,86
IMG_20190311_131914.jpg,800,450,drone,56,31,74,46
IMG_20190311_131900.jpg,800,450,drone,423,51,436,62
IMG_20190318_160744_BURST9.jpg,800,450,drone,307,108,348,136
IMG_20190311_131055.jpg,800,450,drone,352,142,410,181
IMG_20190311_131733.jpg,800,450,drone,313,111,323,119
IMG_20190318_161011_BURST7.jpg,800,450,drone,426,80,438,89
IMG_20190311_131727.jpg,800,450,drone,340,82,349,90
IMG_20190311_131041.jpg,800,450,drone,269,84,320,121
IMG_20190318_160959_BURST16.jpg,800,450,drone,317,31,334,45
IMG_20190318_161234_BURST28.jpg,800,450,drone,453,43,461,51
IMG_20190318_161234_BURST14.jpg,800,450,drone,497,47,505,55
IMG_20190318_161041_BURST2.jpg,800,450,drone,371,92,385,101
IMG_20190311_131121.jpg,800,450,drone,508,207,569,246
IMG_20190311_131135.jpg,800,450,drone,354,149,399,181
IMG_20190318_160837_BURST10.jpg,800,450,drone,317,95,338,114
IMG_20190318_161011_BURST15.jpg,800,450,drone,487,72,496,81
IMG_20190318_160809_BURST9.jpg,800,450,drone,372,82,411,112
IMG_20190311_131451.jpg,800,450,drone,430,59,449,75
IMG_20190318_161234_BURST4.jpg,800,450,drone,439,46,451,55
IMG_20190318_161011_BURST11.jpg,800,450,drone,452,76,465,89
IMG_20190318_160837_BURST14.jpg,800,450,drone,310,93,333,112
IMG_20190318_160824_BURST7.jpg,800,450,drone,324,79,356,102
IMG_20190318_160837_BURST28.jpg,800,450,drone,367,88,387,105
IMG_20190311_131119.jpg,800,450,drone,393,176,445,213
IMG_20190318_161041_BURST6.jpg,800,450,drone,398,81,410,90
IMG_20190318_161234_BURST10.jpg,800,450,drone,473,49,481,56
IMG_20190311_131045.jpg,800,450,drone,260,242,319,280
IMG_20190311_131723.jpg,800,450,drone,338,97,347,105
IMG_20190318_161011_BURST3.jpg,800,450,drone,377,93,391,103
IMG_20190311_131737.jpg,800,450,drone,317,115,327,123
IMG_20190318_160959_BURST12.jpg,800,450,drone,392,55,406,68
IMG_20190318_160714_BURST14.jpg,800,450,drone,365,97,420,134
IMG_20190318_161046_BURST12.jpg,800,450,drone,377,52,388,61
IMG_20190311_131938.jpg,800,450,drone,552,32,568,47
IMG_20190311_131950_BURST2.jpg,800,450,drone,146,72,164,85
IMG_20190311_131904.jpg,800,450,drone,515,58,526,69
IMG_20190311_131639_1.jpg,800,450,drone,164,67,175,80
IMG_20190311_131910.jpg,800,450,drone,306,149,317,160
IMG_20190318_161248_BURST16.jpg,800,450,drone,345,94,354,102
IMG_20190311_132028.jpg,800,450,drone,593,171,603,182
IMG_20190311_132014.jpg,800,450,drone,412,154,423,162
IMG_20190318_161053_BURST10.jpg,800,450,drone,454,69,464,76
IMG_20190311_131509.jpg,800,450,drone,264,164,280,181
IMG_20190318_161257_BURST64.jpg,800,450,drone,166,48,179,58
IMG_20190318_161257_BURST70.jpg,800,450,drone,131,34,145,44
IMG_20190311_132004_BURST4.jpg,800,450,drone,299,160,312,169
IMG_20190318_161257_BURST58.jpg,800,450,drone,193,110,207,118
IMG_20190318_161257_BURST59.jpg,800,450,drone,182,79,196,88
IMG_20190311_132004_BURST5.jpg,800,450,drone,299,159,311,167
IMG_20190311_131936_1.jpg,800,450,drone,461,38,473,52
IMG_20190318_161257_BURST65.jpg,800,450,drone,163,46,178,55
IMG_20190318_161053_BURST11.jpg,800,450,drone,457,69,467,76
IMG_20190311_131508.jpg,800,450,drone,253,177,271,193
IMG_20190311_132015.jpg,800,450,drone,450,152,461,162
IMG_20190311_131559_1.jpg,800,450,drone,328,172,343,186
IMG_20190311_132029.jpg,800,450,drone,490,178,502,190
IMG_20190318_161248_BURST17.jpg,800,450,drone,340,93,350,100
IMG_20190311_131911.jpg,800,450,drone,199,87,217,98
IMG_20190311_131444_1.jpg,800,450,drone,630,37,647,53
IMG_20190311_131950_BURST3.jpg,800,450,drone,148,71,163,84
IMG_20190318_160714_BURST15.jpg,800,450,drone,364,100,422,136
IMG_20190311_131939.jpg,800,450,drone,558,37,572,52
IMG_20190318_161046_BURST13.jpg,800,450,drone,373,56,382,67
IMG_20190318_160959_BURST13.jpg,800,450,drone,379,52,394,66
IMG_20190311_131736.jpg,800,450,drone,273,106,282,115
IMG_20190318_161011_BURST2.jpg,800,450,drone,361,95,374,105
IMG_20190311_131044.jpg,800,450,drone,357,89,408,126
IMG_20190311_131722.jpg,800,450,drone,347,108,356,117
IMG_20190318_161041_BURST7.jpg,800,450,drone,411,77,424,88
IMG_20190318_161234_BURST11.jpg,800,450,drone,476,51,486,60
IMG_20190311_131859.jpg,800,450,drone,427,70,443,82
IMG_20190318_161234_BURST39.jpg,800,450,drone,349,37,360,48
IMG_20190311_131118.jpg,800,450,drone,386,201,441,241
IMG_20190311_132022_1.jpg,800,450,drone,230,127,240,137
IMG_20190318_160837_BURST29.jpg,800,450,drone,368,92,389,107
IMG_20190318_160837_BURST15.jpg,800,450,drone,312,91,337,111
IMG_20190318_160824_BURST6.jpg,800,450,drone,327,76,360,101
IMG_20190318_161011_BURST10.jpg,800,450,drone,451,79,463,90
IMG_20190318_161234_BURST1.jpg,800,450,drone,410,41,421,49
IMG_20190311_131440.jpg,800,450,drone,487,50,501,64
IMG_20190311_131442.jpg,800,450,drone,538,59,556,73
IMG_20190311_132020_1.jpg,800,450,drone,291,138,305,148
IMG_20190311_131324.jpg,800,450,drone,249,94,279,117
IMG_20190311_131330.jpg,800,450,drone,422,92,447,113
IMG_20190318_161234_BURST3.jpg,800,450,drone,429,41,445,53
IMG_20190318_161053_BURST9.jpg,800,450,drone,444,74,454,84
IMG_20190318_160809_BURST10.jpg,800,450,drone,373,81,416,109
IMG_20190318_160837_BURST17.jpg,800,450,drone,319,71,342,90
IMG_20190318_161011_BURST12.jpg,800,450,drone,461,76,473,87
IMG_20190311_131640.jpg,800,450,drone,90,54,103,68
IMG_20190311_131622_1.jpg,800,450,drone,412,106,424,120
IMG_20190318_161234_BURST13.jpg,800,450,drone,485,48,499,58
IMG_20190318_161041_BURST5.jpg,800,450,drone,393,88,407,97
IMG_20190311_131720.jpg,800,450,drone,343,65,352,74
IMG_20190318_160959_BURST11.jpg,800,450,drone,398,55,416,71
IMG_20190311_131708.jpg,800,450,drone,433,125,445,136
IMG_20190311_131950_BURST1.jpg,800,450,drone,136,64,152,76
IMG_20190318_161248_BURST29.jpg,800,450,drone,389,89,400,98
IMG_20190318_161046_BURST11.jpg,800,450,drone,366,57,377,67
IMG_20190318_160714_BURST17.jpg,800,450,drone,363,102,420,136
IMG_20190318_160924_BURST3.jpg,800,450,drone,331,69,349,83
IMG_20190311_131913.jpg,800,450,drone,101,34,118,49
IMG_20190318_161248_BURST15.jpg,800,450,drone,361,89,373,97
IMG_20190311_131522.jpg,800,450,drone,361,183,378,199
IMG_20190318_161053_BURST13.jpg,800,450,drone,473,74,485,83
IMG_20190311_132017.jpg,800,450,drone,478,126,492,135
IMG_20190311_132058_1.jpg,800,450,drone,294,109,307,120
IMG_20190318_161257_BURST73.jpg,800,450,drone,106,20,119,31
IMG_20190318_161257_BURST67.jpg,800,450,drone,156,37,169,47
IMG_20190318_161257_BURST66.jpg,800,450,drone,161,42,175,51
IMG_20190311_132016.jpg,800,450,drone,495,150,508,160
IMG_20190311_131523.jpg,800,450,drone,363,196,380,214
IMG_20190311_131217_1.jpg,800,450,drone,281,158,331,192
IMG_20190311_131906.jpg,800,450,drone,513,21,528,33
IMG_20190318_161248_BURST14.jpg,800,450,drone,377,77,389,85
IMG_20190318_161046_BURST10.jpg,800,450,drone,367,74,377,83
IMG_20190318_160924_BURST2.jpg,800,450,drone,337,71,349,83
IMG_20190318_160714_BURST16.jpg,800,450,drone,370,100,424,137
IMG_20190318_161248_BURST28.jpg,800,450,drone,370,80,380,90
IMG_20190318_161041_BURST20.jpg,800,450,drone,426,77,438,86
IMG_20190318_160959_BURST10.jpg,800,450,drone,431,58,450,72
IMG_20190311_131709.jpg,800,450,drone,474,121,483,129
IMG_20190311_131721.jpg,800,450,drone,337,72,346,81
IMG_20190311_131047.jpg,800,450,drone,160,346,221,389
IMG_20190318_161011_BURST1.jpg,800,450,drone,334,99,346,111
IMG_20190318_161234_BURST12.jpg,800,450,drone,480,50,491,59
IMG_20190311_132041_1.jpg,800,450,drone,388,304,400,312
IMG_20190311_131133.jpg,800,450,drone,319,149,360,183
IMG_20190311_131641.jpg,800,450,drone,160,57,171,69
IMG_20190318_161011_BURST13.jpg,800,450,drone,471,77,482,87
IMG_20190318_160837_BURST16.jpg,800,450,drone,314,89,337,108
IMG_20190318_161053_BURST8.jpg,800,450,drone,438,79,449,88
IMG_20190318_161234_BURST2.jpg,800,450,drone,424,43,436,53
IMG_20190311_131331.jpg,800,450,drone,334,81,355,104
IMG_20190311_131457.jpg,800,450,drone,213,82,232,100
IMG_20190311_131443.jpg,800,450,drone,569,55,585,71
IMG_20190311_131325.jpg,800,450,drone,303,120,327,138
IMG_20190311_131418.jpg,800,450,drone,190,255,212,275
IMG_20190311_131342.jpg,800,450,drone,266,86,287,106
IMG_20190318_161046_BURST4.jpg,800,450,drone,377,74,389,83
IMG_20190311_131950_BURST10.jpg,800,450,drone,152,64,172,76
IMG_20190318_161222_BURST10.jpg,800,450,drone,410,70,421,84
IMG_20190311_131625_1.jpg,800,450,drone,440,71,451,81
IMG_20190311_132307.jpg,800,450,drone,533,79,556,96
IMG_20190311_131626.jpg,800,450,drone,361,64,374,74
IMG_20190311_131632.jpg,800,450,drone,280,78,292,88
IMG_20190318_160937_BURST5.jpg,800,450,drone,326,67,339,80
IMG_20190318_161248_BURST6.jpg,800,450,drone,476,52,490,62
IMG_20190318_161234_BURST49.jpg,800,450,drone,228,25,237,33
IMG_20190311_131829.jpg,800,450,drone,319,43,331,54
IMG_20190311_131034.jpg,800,450,drone,276,164,339,201
IMG_20190311_131752.jpg,800,450,drone,183,87,198,97
IMG_20190318_160759_BURST11.jpg,800,450,drone,361,93,400,120
IMG_20190318_161035_BURST10.jpg,800,450,drone,350,91,366,102
IMG_20190318_160941_BURST2.jpg,800,450,drone,418,116,431,126
IMG_20190318_161257_BURST9.jpg,800,450,drone,417,53,431,64
IMG_20190311_131550.jpg,800,450,drone,487,78,501,91
IMG_20190318_160837_BURST2.jpg,800,450,drone,350,110,376,129
IMG_20190311_131222.jpg,800,450,drone,295,92,349,128
IMG_20190318_160941_BURST21.jpg,800,450,drone,281,16,297,28
IMG_20190311_131404_1.jpg,800,450,drone,445,49,467,70
IMG_20190318_161257_BURST29.jpg,800,450,drone,445,167,456,175
IMG_20190318_160824_BURST11.jpg,800,450,drone,349,66,380,89
IMG_20190318_160759_BURST5.jpg,800,450,drone,344,102,384,130
IMG_20190318_161257_BURST15.jpg,800,450,drone,443,53,455,62
IMG_20190318_160824_BURST39.jpg,800,450,drone,328,87,355,109
IMG_20190318_160824_BURST38.jpg,800,450,drone,322,83,353,107
IMG_20190311_131111_1.jpg,800,450,drone,245,124,307,168
IMG_20190318_160932_BURST1.jpg,800,450,drone,363,62,376,72
IMG_20190318_161257_BURST14.jpg,800,450,drone,437,53,449,61
IMG_20190318_160759_BURST4.jpg,800,450,drone,350,97,389,122
IMG_20190318_160941_BURST20.jpg,800,450,drone,283,19,301,31
IMG_20190318_160824_BURST10.jpg,800,450,drone,341,74,373,98
IMG_20190318_161257_BURST28.jpg,800,450,drone,451,158,463,167
IMG_20190311_131223.jpg,800,450,drone,403,120,457,155
IMG_20190318_160837_BURST3.jpg,800,450,drone,345,111,367,130
IMG_20190311_131551.jpg,800,450,drone,386,85,400,99
IMG_20190311_132058.jpg,800,450,drone,341,116,354,125
IMG_20190318_161257_BURST8.jpg,800,450,drone,416,51,427,62
IMG_20190318_160941_BURST3.jpg,800,450,drone,411,114,426,125
IMG_20190311_131948.jpg,800,450,drone,188,48,205,60
IMG_20190318_161035_BURST11.jpg,800,450,drone,351,90,366,102
IMG_20190318_160759_BURST10.jpg,800,450,drone,359,104,402,129
IMG_20190311_131753.jpg,800,450,drone,208,102,221,111
IMG_20190311_131828.jpg,800,450,drone,303,51,317,61
IMG_20190318_161234_BURST48.jpg,800,450,drone,238,26,247,33
IMG_20190318_161248_BURST7.jpg,800,450,drone,479,52,490,61
IMG_20190311_131633.jpg,800,450,drone,286,73,299,83
IMG_20190311_131155.jpg,800,450,drone,256,37,304,74
IMG_20190311_131141.jpg,800,450,drone,312,87,359,123
IMG_20190311_131627.jpg,800,450,drone,255,60,267,71
IMG_20190318_160928_BURST18.jpg,800,450,drone,339,91,352,100
IMG_20190311_132306.jpg,800,450,drone,481,155,503,173
IMG_20190318_161222_BURST1.jpg,800,450,drone,414,93,426,103
IMG_20190311_131950_BURST11.jpg,800,450,drone,154,64,171,75
IMG_20190318_161046_BURST5.jpg,800,450,drone,370,69,387,81
IMG_20190311_131343.jpg,800,450,drone,262,56,288,78
IMG_20190311_131341.jpg,800,450,drone,363,128,384,146
IMG_20190318_161025_BURST14.jpg,800,450,drone,319,41,328,53
IMG_20190318_161046_BURST7.jpg,800,450,drone,359,76,373,86
IMG_20190311_132300_1.jpg,800,450,drone,452,48,482,67
IMG_20190311_132304.jpg,800,450,drone,261,89,287,105
IMG_20190318_161222_BURST3.jpg,800,450,drone,420,85,431,96
IMG_20190311_132310.jpg,800,450,drone,210,35,235,53
IMG_20190311_131603_1.jpg,800,450,drone,518,66,536,81
IMG_20190318_161222_BURST13.jpg,800,450,drone,404,66,417,77
IMG_20190311_131157.jpg,800,450,drone,335,72,382,105
IMG_20190318_160937_BURST6.jpg,800,450,drone,324,67,337,77
IMG_20190311_131631.jpg,800,450,drone,154,64,169,75
IMG_20190311_131625.jpg,800,450,drone,526,62,538,75
IMG_20190318_161035_BURST5.jpg,800,450,drone,364,86,379,99
IMG_20190318_161248_BURST5.jpg,800,450,drone,482,51,494,62
IMG_20190311_131547_1.jpg,800,450,drone,377,52,388,64
IMG_20190318_160759_BURST12.jpg,800,450,drone,356,93,396,119
IMG_20190311_131745.jpg,800,450,drone,359,59,372,68
IMG_20190311_131751.jpg,800,450,drone,279,55,292,68
IMG_20190311_132258.jpg,800,450,drone,340,47,368,68
IMG_20190318_161035_BURST13.jpg,800,450,drone,373,91,384,102
IMG_20190318_160941_BURST1.jpg,800,450,drone,410,97,423,108
IMG_20190311_131547.jpg,800,450,drone,355,46,368,60
IMG_20190311_131221.jpg,800,450,drone,283,81,338,119
IMG_20190318_160837_BURST1.jpg,800,450,drone,375,65,400,88
IMG_20190318_160759_BURST6.jpg,800,450,drone,352,107,391,134
IMG_20190318_160824_BURST12.jpg,800,450,drone,352,65,383,88
IMG_20190318_160932_BURST3.jpg,800,450,drone,345,65,359,76
IMG_20190318_160928_BURST9.jpg,800,450,drone,364,67,376,79
IMG_20190318_161257_BURST16.jpg,800,450,drone,447,55,457,64
IMG_20190318_161257_BURST17.jpg,800,450,drone,451,64,461,72
IMG_20190311_131137_1.jpg,800,450,drone,348,70,396,108
IMG_20190318_160928_BURST8.jpg,800,450,drone,376,67,387,79
IMG_20190318_160932_BURST2.jpg,800,450,drone,347,63,361,75
IMG_20190318_160824_BURST13.jpg,800,450,drone,351,71,382,95
IMG_20190311_131552.jpg,800,450,drone,272,60,287,74
IMG_20190311_132018_1.jpg,800,450,drone,409,132,422,142
IMG_20190318_161035_BURST12.jpg,800,450,drone,354,93,366,101
IMG_20190311_132259.jpg,800,450,drone,449,47,479,67
IMG_20190311_131750.jpg,800,450,drone,324,58,337,69
IMG_20190311_131744.jpg,800,450,drone,334,92,345,101
IMG_20190318_161248_BURST4.jpg,800,450,drone,482,53,495,64
IMG_20190318_161035_BURST4.jpg,800,450,drone,362,89,376,101
IMG_20190311_132025_1.jpg,800,450,drone,329,148,342,158
IMG_20190311_131142.jpg,800,450,drone,346,97,395,133
IMG_20190318_160937_BURST7.jpg,800,450,drone,324,62,335,75
IMG_20190311_131156.jpg,800,450,drone,308,65,352,101
IMG_20190311_131630.jpg,800,450,drone,104,60,117,71
IMG_20190318_161222_BURST2.jpg,800,450,drone,417,93,429,104
IMG_20190318_161222_BURST12.jpg,800,450,drone,410,69,421,80
IMG_20190311_132305.jpg,800,450,drone,386,184,410,202
IMG_20190318_161046_BURST6.jpg,800,450,drone,365,74,377,86
IMG_20190311_131340.jpg,800,450,drone,355,131,376,151
IMG_20190311_131350.jpg,800,450,drone,214,128,239,147
IMG_20190311_131344.jpg,800,450,drone,407,62,431,82
IMG_20190318_161025_BURST11.jpg,800,450,drone,323,42,338,53
IMG_20190311_131634.jpg,800,450,drone,472,67,485,78
IMG_20190318_160937_BURST3.jpg,800,450,drone,308,69,324,79
IMG_20190311_131608.jpg,800,450,drone,325,348,339,362
IMG_20190311_132301.jpg,800,450,drone,284,47,311,67
IMG_20190318_161222_BURST16.jpg,800,450,drone,389,61,405,74
IMG_20190318_161222_BURST6.jpg,800,450,drone,420,79,433,88
IMG_20190311_131807.jpg,800,450,drone,396,78,413,89
IMG_20190311_131740.jpg,800,450,drone,328,114,339,123
IMG_20190311_131032.jpg,800,450,drone,393,135,458,176
IMG_20190311_131754.jpg,800,450,drone,338,99,351,110
IMG_20190311_131522_1.jpg,800,450,drone,364,192,382,212
IMG_20190318_160837_BURST4.jpg,800,450,drone,342,108,365,125
IMG_20190311_131556.jpg,800,450,drone,186,72,199,84
IMG_20190318_160924_BURST19.jpg,800,450,drone,328,70,342,82
IMG_20190311_131218.jpg,800,450,drone,222,144,281,182
IMG_20190318_160932_BURST6.jpg,800,450,drone,375,70,388,81
IMG_20190318_161257_BURST13.jpg,800,450,drone,434,55,445,63
IMG_20190318_160759_BURST3.jpg,800,450,drone,351,96,390,123
IMG_20190318_160824_BURST17.jpg,800,450,drone,340,74,369,99
IMG_20190318_160824_BURST16.jpg,800,450,drone,344,81,375,102
IMG_20190318_160759_BURST2.jpg,800,450,drone,359,94,396,120
IMG_20190318_161257_BURST12.jpg,800,450,drone,427,54,439,62
IMG_20190318_160932_BURST7.jpg,800,450,drone,382,65,392,76
IMG_20190318_160924_BURST18.jpg,800,450,drone,333,72,349,83
IMG_20190311_131225.jpg,800,450,drone,508,69,564,111
IMG_20190318_161035_BURST17.jpg,800,450,drone,461,81,473,92
IMG_20190311_132304_1.jpg,800,450,drone,376,130,398,146
IMG_20190318_160941_BURST5.jpg,800,450,drone,398,117,413,128
IMG_20190311_131755.jpg,800,450,drone,499,52,513,63
IMG_20190311_131741.jpg,800,450,drone,308,123,318,130
IMG_20190311_131027.jpg,800,450,drone,175,165,236,205
IMG_20190311_131806.jpg,800,450,drone,286,101,302,114
IMG_20190318_161248_BURST1.jpg,800,450,drone,461,60,473,69
IMG_20190318_161035_BURST1.jpg,800,450,drone,308,103,320,111
IMG_20190318_161222_BURST17.jpg,800,450,drone,385,62,397,74
IMG_20190318_161222_BURST7.jpg,800,450,drone,421,74,433,85
IMG_20190311_132300.jpg,800,450,drone,547,64,581,83
IMG_20190311_131621.jpg,800,450,drone,332,101,345,112
IMG_20190318_160937_BURST2.jpg,800,450,drone,288,67,301,78
IMG_20190318_161046_BURST3.jpg,800,450,drone,368,78,380,86
IMG_20190318_161025_BURST10.jpg,800,450,drone,324,42,340,51
IMG_20190311_131216_1.jpg,800,450,drone,477,178,520,214
IMG_20190311_131345.jpg,800,450,drone,464,108,489,129
IMG_20190311_131351.jpg,800,450,drone,189,113,215,132
IMG_20190311_131347.jpg,800,450,drone,525,241,546,262
IMG_20190311_131353.jpg,800,450,drone,263,178,284,196
IMG_20190318_161046_BURST1.jpg,800,450,drone,387,83,398,91
IMG_20190318_161025_BURST12.jpg,800,450,drone,326,44,339,54
IMG_20190318_161222_BURST29.jpg,800,450,drone,326,58,337,67
IMG_20190311_131637.jpg,800,450,drone,337,64,349,73
IMG_20190318_161222_BURST5.jpg,800,450,drone,422,80,433,89
IMG_20190318_161222_BURST15.jpg,800,450,drone,396,61,408,71
IMG_20190311_132302.jpg,800,450,drone,173,55,197,73
IMG_20190311_131838.jpg,800,450,drone,205,67,217,78
IMG_20190318_161248_BURST3.jpg,800,450,drone,476,56,489,67
IMG_20190311_131804.jpg,800,450,drone,261,160,278,171
IMG_20190318_161035_BURST3.jpg,800,450,drone,344,81,357,91
IMG_20190311_131757.jpg,800,450,drone,377,63,390,72
IMG_20190311_131025.jpg,800,450,drone,383,167,437,204
IMG_20190311_131743.jpg,800,450,drone,308,146,320,155
IMG_20190318_160941_BURST7.jpg,800,450,drone,387,109,401,120
IMG_20190318_161035_BURST15.jpg,800,450,drone,413,95,426,107
IMG_20190318_160837_BURST7.jpg,800,450,drone,319,93,341,109
IMG_20190311_131555.jpg,800,450,drone,213,82,229,95
IMG_20190311_131227.jpg,800,450,drone,488,68,535,106
IMG_20190318_160824_BURST28.jpg,800,450,drone,351,55,382,76
IMG_20190318_161257_BURST10.jpg,800,450,drone,423,55,433,64
IMG_20190318_160941_BURST18.jpg,800,450,drone,317,36,333,50
IMG_20190318_160932_BURST5.jpg,800,450,drone,358,68,372,79
IMG_20190318_160824_BURST14.jpg,800,450,drone,349,76,379,100
IMG_20190318_161257_BURST38.jpg,800,450,drone,373,209,383,217
IMG_20190318_160759_BURST1.jpg,800,450,drone,363,79,405,107
IMG_20190318_161257_BURST39.jpg,800,450,drone,358,208,368,218
IMG_20190318_160824_BURST15.jpg,800,450,drone,349,82,380,107
IMG_20190318_160932_BURST4.jpg,800,450,drone,348,67,361,79
IMG_20190318_161257_BURST11.jpg,800,450,drone,426,55,437,62
IMG_20190318_160824_BURST29.jpg,800,450,drone,356,67,382,90
IMG_20190318_160941_BURST19.jpg,800,450,drone,307,32,320,44
IMG_20190311_131226.jpg,800,450,drone,494,66,542,104
IMG_20190311_131554.jpg,800,450,drone,217,76,232,91
IMG_20190318_161035_BURST14.jpg,800,450,drone,383,93,398,103
IMG_20190311_131054_1.jpg,800,450,drone,343,143,395,183
IMG_20190318_160941_BURST6.jpg,800,450,drone,387,111,401,121
IMG_20190311_132023_1.jpg,800,450,drone,173,123,187,135
IMG_20190311_131742.jpg,800,450,drone,293,117,304,127
IMG_20190311_131030.jpg,800,450,drone,172,74,241,124
IMG_20190318_161035_BURST2.jpg,800,450,drone,344,87,357,97
IMG_20190318_161248_BURST2.jpg,800,450,drone,467,51,476,59
IMG_20190311_131839.jpg,800,450,drone,226,89,236,100
IMG_20190311_132303.jpg,800,450,drone,63,37,97,58
IMG_20190318_161222_BURST4.jpg,800,450,drone,421,82,432,90
IMG_20190318_161222_BURST14.jpg,800,450,drone,398,60,413,69
IMG_20190318_160937_BURST1.jpg,800,450,drone,403,53,416,65
IMG_20190311_131636.jpg,800,450,drone,428,85,441,96
IMG_20190311_131622.jpg,800,450,drone,390,101,399,114
IMG_20190318_161222_BURST28.jpg,800,450,drone,334,57,345,67
IMG_20190318_161025_BURST13.jpg,800,450,drone,324,40,338,52
IMG_20190311_131408.jpg,800,450,drone,301,78,324,100
IMG_20190311_131346.jpg,800,450,drone,505,192,529,213
IMG_20190311_131420.jpg,800,450,drone,549,64,572,87
IMG_20190311_132057_1.jpg,800,450,drone,402,160,417,169
IMG_20190311_131826_1.jpg,800,450,drone,318,10,330,19
IMG_20190318_161222_BURST31.jpg,800,450,drone,312,54,321,62
IMG_20190318_161222_BURST25.jpg,800,450,drone,341,59,354,68
IMG_20190318_161222_BURST9.jpg,800,450,drone,416,70,425,82
IMG_20190318_161222_BURST19.jpg,800,450,drone,370,65,383,74
IMG_20190318_161234_BURST54.jpg,800,450,drone,178,30,189,39
IMG_20190318_161234_BURST40.jpg,800,450,drone,346,38,358,48
IMG_20190311_132246.jpg,800,450,drone,432,127,466,151
IMG_20190311_132252.jpg,800,450,drone,241,43,279,70
IMG_20190311_131940.jpg,800,450,drone,472,56,487,68
IMG_20190318_161035_BURST19.jpg,800,450,drone,460,81,473,90
IMG_20190311_131559.jpg,800,450,drone,270,162,286,178
IMG_20190311_131217.jpg,800,450,drone,367,169,415,205
IMG_20190311_131203.jpg,800,450,drone,625,59,672,96
IMG_20190318_160932_BURST9.jpg,800,450,drone,395,57,409,68
IMG_20190318_160928_BURST3.jpg,800,450,drone,361,74,374,87
IMG_20190318_160824_BURST30.jpg,800,450,drone,351,74,379,96
IMG_20190318_160824_BURST24.jpg,800,450,drone,333,81,361,102
IMG_20190318_160941_BURST14.jpg,800,450,drone,323,34,336,46
IMG_20190318_161257_BURST34.jpg,800,450,drone,407,200,419,209
IMG_20190318_160824_BURST18.jpg,800,450,drone,336,75,363,100
IMG_20190318_161257_BURST20.jpg,800,450,drone,463,93,474,102
IMG_20190318_161257_BURST21.jpg,800,450,drone,463,97,475,107
IMG_20190318_160824_BURST19.jpg,800,450,drone,336,85,364,108
IMG_20190318_161257_BURST35.jpg,800,450,drone,405,201,414,210
IMG_20190318_160824_BURST25.jpg,800,450,drone,338,68,368,92
IMG_20190318_160941_BURST15.jpg,800,450,drone,320,34,335,48
IMG_20190318_160928_BURST2.jpg,800,450,drone,340,73,356,85
IMG_20190318_160932_BURST8.jpg,800,450,drone,396,56,411,67
IMG_20190318_160824_BURST31.jpg,800,450,drone,338,69,366,92
IMG_20190318_161257_BURST1.jpg,800,450,drone,389,40,400,52
IMG_20190311_131202.jpg,800,450,drone,654,62,704,100
IMG_20190311_131216.jpg,800,450,drone,440,183,488,218
IMG_20190318_160924_BURST17.jpg,800,450,drone,340,70,354,82
IMG_20190311_132051.jpg,800,450,drone,161,235,178,244
IMG_20190311_131558.jpg,800,450,drone,213,140,222,153
IMG_20190311_131941.jpg,800,450,drone,432,70,445,82
IMG_20190311_132253.jpg,800,450,drone,234,44,273,74
IMG_20190311_131039_1.jpg,800,450,drone,322,144,377,180
IMG_20190311_131028.jpg,800,450,drone,397,121,460,165
IMG_20190311_132247.jpg,800,450,drone,416,120,454,143
IMG_20190318_161234_BURST41.jpg,800,450,drone,338,37,350,46
IMG_20190318_161234_BURST55.jpg,800,450,drone,168,31,179,39
IMG_20190318_161222_BURST8.jpg,800,450,drone,419,71,429,81
IMG_20190318_161222_BURST18.jpg,800,450,drone,380,62,391,73
IMG_20190311_131606.jpg,800,450,drone,709,16,725,31
IMG_20190311_131340_1.jpg,800,450,drone,365,133,386,151
IMG_20190318_161222_BURST24.jpg,800,450,drone,344,60,357,72
IMG_20190311_131148.jpg,800,450,drone,319,113,372,147
IMG_20190318_161222_BURST30.jpg,800,450,drone,320,58,331,67
IMG_20190311_131404.jpg,800,450,drone,487,74,509,96
IMG_20190311_131438.jpg,800,450,drone,372,83,391,98
IMG_20190311_131348.jpg,800,450,drone,379,242,404,260
IMG_20190311_131406.jpg,800,450,drone,381,74,404,96
IMG_20190318_161222_BURST26.jpg,800,450,drone,340,57,351,69
IMG_20190311_131638.jpg,800,450,drone,249,56,263,67
IMG_20190318_161222_BURST32.jpg,800,450,drone,305,51,317,60
IMG_20190311_131610.jpg,800,450,drone,425,357,439,372
IMG_20190318_160928_BURST13.jpg,800,450,drone,350,79,364,91
IMG_20190311_131604.jpg,800,450,drone,556,41,572,54
IMG_20190318_161234_BURST43.jpg,800,450,drone,299,35,310,46
IMG_20190311_131837.jpg,800,450,drone,213,49,226,59
IMG_20190311_131823.jpg,800,450,drone,301,46,314,55
IMG_20190311_132251.jpg,800,450,drone,237,58,277,83
IMG_20190311_131758.jpg,800,450,drone,250,115,266,127
IMG_20190311_132245.jpg,800,450,drone,351,112,392,138
IMG_20190318_160941_BURST8.jpg,800,450,drone,394,99,408,111
IMG_20190311_131943.jpg,800,450,drone,344,78,358,88
IMG_20190318_160837_BURST8.jpg,800,450,drone,318,94,340,111
IMG_20190311_132053.jpg,800,450,drone,394,261,404,272
IMG_20190311_131228.jpg,800,450,drone,531,67,586,105
IMG_20190318_161257_BURST3.jpg,800,450,drone,394,49,405,58
IMG_20190311_131214.jpg,800,450,drone,348,149,399,186
IMG_20190318_160824_BURST27.jpg,800,450,drone,349,52,374,74
IMG_20190318_161257_BURST23.jpg,800,450,drone,458,121,469,128
IMG_20190318_161257_BURST37.jpg,800,450,drone,382,209,394,217
IMG_20190318_161257_BURST36.jpg,800,450,drone,396,205,407,214
IMG_20190318_161257_BURST22.jpg,800,450,drone,461,109,472,116
IMG_20190318_160824_BURST32.jpg,800,450,drone,335,67,366,89
IMG_20190318_160928_BURST1.jpg,800,450,drone,347,55,359,67
IMG_20190318_160941_BURST16.jpg,800,450,drone,320,41,335,53
IMG_20190318_160824_BURST26.jpg,800,450,drone,343,46,370,69
IMG_20190311_131215.jpg,800,450,drone,369,178,413,212
IMG_20190318_161257_BURST2.jpg,800,450,drone,391,48,403,57
IMG_20190311_131201.jpg,800,450,drone,583,61,632,99
IMG_20190311_132052.jpg,800,450,drone,289,228,305,237
IMG_20190318_160837_BURST9.jpg,800,450,drone,317,93,338,112
IMG_20190318_160941_BURST9.jpg,800,450,drone,399,96,412,107
IMG_20190311_131942.jpg,800,450,drone,411,78,424,91
IMG_20190311_132244.jpg,800,450,drone,284,134,317,158
IMG_20190311_132250.jpg,800,450,drone,303,90,338,116
IMG_20190318_161234_BURST56.jpg,800,450,drone,168,32,178,41
IMG_20190318_161234_BURST42.jpg,800,450,drone,324,36,336,44
IMG_20190311_131605.jpg,800,450,drone,602,40,618,55
IMG_20190311_131639.jpg,800,450,drone,197,65,209,75
IMG_20190318_161222_BURST33.jpg,800,450,drone,302,53,314,63
IMG_20190318_161222_BURST27.jpg,800,450,drone,335,58,352,68
IMG_20190311_131556_1.jpg,800,450,drone,159,54,174,68
IMG_20190311_131407.jpg,800,450,drone,299,73,320,93
IMG_20190311_131939_1.jpg,800,450,drone,540,46,554,59
IMG_20190311_131349.jpg,800,450,drone,298,154,320,174
IMG_20190311_131403.jpg,800,450,drone,545,78,569,99
IMG_20190311_132308.jpg,800,450,drone,410,58,433,75
IMG_20190318_160928_BURST16.jpg,800,450,drone,344,89,356,101
IMG_20190311_131601.jpg,800,450,drone,396,173,412,187
IMG_20190311_131629.jpg,800,450,drone,119,47,132,57
IMG_20190318_161222_BURST23.jpg,800,450,drone,347,62,361,71
IMG_20190318_161222_BURST37.jpg,800,450,drone,275,41,294,54
IMG_20190318_161248_BURST9.jpg,800,450,drone,449,53,462,62
IMG_20190318_161035_BURST9.jpg,800,450,drone,347,93,359,102
IMG_20190318_161234_BURST46.jpg,800,450,drone,263,27,273,37
IMG_20190318_161234_BURST52.jpg,800,450,drone,205,23,215,34
IMG_20190311_131826.jpg,800,450,drone,324,37,335,45
IMG_20190311_132254.jpg,800,450,drone,295,90,326,114
IMG_20190311_131954_BURST1.jpg,800,450,drone,340,184,355,196
IMG_20190311_131749.jpg,800,450,drone,340,46,352,56
IMG_20190311_131946.jpg,800,450,drone,227,187,241,199
IMG_20190318_161248_BURST40.jpg,800,450,drone,521,52,533,62
IMG_20190318_161035_BURST23.jpg,800,450,drone,484,74,497,83
IMG_20190311_131205.jpg,800,450,drone,124,62,175,103
IMG_20190318_161257_BURST6.jpg,800,450,drone,406,49,417,58
IMG_20190318_160924_BURST10.jpg,800,450,drone,326,66,340,76
IMG_20190311_131239.jpg,800,450,drone,269,132,310,163
IMG_20190311_132056.jpg,800,450,drone,445,232,459,241
IMG_20190311_132042.jpg,800,450,drone,280,302,293,311
IMG_20190318_161257_BURST26.jpg,800,450,drone,457,144,467,153
IMG_20190318_161257_BURST32.jpg,800,450,drone,423,190,433,197
IMG_20190318_160941_BURST12.jpg,800,450,drone,363,45,377,58
IMG_20190318_160928_BURST5.jpg,800,450,drone,394,74,407,86
IMG_20190318_160824_BURST36.jpg,800,450,drone,345,67,371,89
IMG_20190318_160928_BURST4.jpg,800,450,drone,370,74,384,86
IMG_20190318_160941_BURST13.jpg,800,450,drone,337,36,350,47
IMG_20190318_161257_BURST33.jpg,800,450,drone,415,193,429,204
IMG_20190318_161257_BURST27.jpg,800,450,drone,453,148,465,157
IMG_20190311_132043.jpg,800,450,drone,230,295,242,305
IMG_20190311_132057.jpg,800,450,drone,405,183,417,193
IMG_20190318_160924_BURST11.jpg,800,450,drone,328,67,342,78
IMG_20190318_161257_BURST7.jpg,800,450,drone,412,49,421,58
IMG_20190318_161035_BURST22.jpg,800,450,drone,474,80,486,89
IMG_20190311_131748.jpg,800,450,drone,373,83,386,92
IMG_20190311_132255.jpg,800,450,drone,328,125,360,146
IMG_20190311_132030_1.jpg,800,450,drone,436,346,447,355
IMG_20190318_161234_BURST53.jpg,800,450,drone,187,26,197,33
IMG_20190311_131827.jpg,800,450,drone,372,55,386,66
IMG_20190318_161234_BURST47.jpg,800,450,drone,247,25,258,34
IMG_20190318_161035_BURST8.jpg,800,450,drone,359,96,373,110
IMG_20190318_161248_BURST8.jpg,800,450,drone,466,49,478,59
IMG_20190318_161222_BURST36.jpg,800,450,drone,283,46,294,55
IMG_20190311_131628.jpg,800,450,drone,197,65,208,73
IMG_20190318_161222_BURST22.jpg,800,450,drone,351,64,363,72
IMG_20190311_131600.jpg,800,450,drone,350,171,365,185
IMG_20190318_160928_BURST17.jpg,800,450,drone,337,90,349,101
IMG_20190311_132309.jpg,800,450,drone,334,35,357,51
IMG_20190311_131402.jpg,800,450,drone,568,76,591,100
IMG_20190318_161046_BURST8.jpg,800,450,drone,351,80,364,90
IMG_20190318_160928_BURST15.jpg,800,450,drone,347,90,359,104
IMG_20190311_131602.jpg,800,450,drone,459,135,475,148
IMG_20190311_131549_1.jpg,800,450,drone,487,70,502,84
IMG_20190318_160937_BURST9.jpg,800,450,drone,317,61,331,72
IMG_20190318_161222_BURST34.jpg,800,450,drone,297,53,309,63
IMG_20190318_161222_BURST20.jpg,800,450,drone,365,62,376,72
IMG_20190311_131825.jpg,800,450,drone,312,38,324,48
IMG_20190318_161234_BURST51.jpg,800,450,drone,216,24,226,33
IMG_20190318_161234_BURST45.jpg,800,450,drone,270,28,280,38
IMG_20190311_131954_BURST2.jpg,800,450,drone,343,189,360,200
IMG_20190311_132257.jpg,800,450,drone,257,64,285,84
IMG_20190318_161035_BURST20.jpg,800,450,drone,463,83,477,92
IMG_20190318_160924_BURST13.jpg,800,450,drone,335,71,350,81
IMG_20190318_161257_BURST5.jpg,800,450,drone,401,50,412,59
IMG_20190311_132041.jpg,800,450,drone,456,257,467,268
IMG_20190311_131548.jpg,800,450,drone,415,67,427,80
IMG_20190318_161257_BURST31.jpg,800,450,drone,429,182,439,191
IMG_20190318_160759_BURST9.jpg,800,450,drone,358,107,395,131
IMG_20190318_161257_BURST25.jpg,800,450,drone,457,138,468,144
IMG_20190318_160824_BURST35.jpg,800,450,drone,349,64,377,89
IMG_20190318_160928_BURST6.jpg,800,450,drone,389,74,401,83
IMG_20190311_131806_1.jpg,800,450,drone,288,93,308,105
IMG_20190318_160941_BURST11.jpg,800,450,drone,396,78,410,90
IMG_20190318_161257_BURST19.jpg,800,450,drone,459,81,470,91
IMG_20190318_160824_BURST21.jpg,800,450,drone,303,85,331,108
IMG_20190318_160824_BURST20.jpg,800,450,drone,315,86,343,109
IMG_20190318_161257_BURST18.jpg,800,450,drone,456,73,465,81
IMG_20190318_160824_BURST34.jpg,800,450,drone,349,64,375,88
IMG_20190318_160928_BURST7.jpg,800,450,drone,382,65,394,77
IMG_20190318_161257_BURST24.jpg,800,450,drone,458,124,468,133
IMG_20190318_161257_BURST30.jpg,800,450,drone,435,177,445,185
IMG_20190311_131139_1.jpg,800,450,drone,334,101,388,141
IMG_20190311_131549.jpg,800,450,drone,445,64,461,79
IMG_20190311_132040.jpg,800,450,drone,465,160,474,169
IMG_20190318_161257_BURST4.jpg,800,450,drone,394,50,406,60
IMG_20190318_160924_BURST12.jpg,800,450,drone,338,71,351,83
IMG_20190318_161035_BURST21.jpg,800,450,drone,466,81,480,90
IMG_20190311_131944.jpg,800,450,drone,315,64,331,77
IMG_20190311_131325_1.jpg,800,450,drone,358,116,382,137
IMG_20190311_131039.jpg,800,450,drone,344,151,400,189
IMG_20190311_132256.jpg,800,450,drone,215,100,242,123
IMG_20190311_132053_1.jpg,800,450,drone,477,256,490,265
IMG_20190311_132016_1.jpg,800,450,drone,520,138,533,149
IMG_20190311_131954_BURST3.jpg,800,450,drone,342,189,358,201
IMG_20190318_161234_BURST44.jpg,800,450,drone,282,31,291,40
IMG_20190318_161234_BURST50.jpg,800,450,drone,224,25,233,33
IMG_20190318_161222_BURST21.jpg,800,450,drone,359,65,370,74
IMG_20190311_131159.jpg,800,450,drone,510,46,556,82
IMG_20190318_161222_BURST35.jpg,800,450,drone,289,50,300,58
IMG_20190318_160937_BURST8.jpg,800,450,drone,319,62,333,74
IMG_20190311_131603.jpg,800,450,drone,505,76,522,89
IMG_20190318_160928_BURST14.jpg,800,450,drone,349,80,363,94
IMG_20190311_131415.jpg,800,450,drone,190,252,210,274
IMG_20190311_131410_BURST1.jpg,800,450,drone,268,74,291,92
IMG_20190318_161053_BURST5.jpg,800,450,drone,400,90,413,100
IMG_20190318_160824_BURST8.jpg,800,450,drone,321,82,353,102
IMG_20190318_160809_BURST2.jpg,800,450,drone,353,91,391,121
IMG_20190318_161028_BURST15.jpg,800,450,drone,262,89,273,98
IMG_20190318_160837_BURST27.jpg,800,450,drone,367,86,386,102
IMG_20190318_160714_BURST7.jpg,800,450,drone,336,87,390,125
IMG_20190311_131102.jpg,800,450,drone,372,200,425,241
IMG_20190318_161234_BURST37.jpg,800,450,drone,380,45,391,54
IMG_20190318_161234_BURST23.jpg,800,450,drone,505,41,514,50
IMG_20190311_131921_1.jpg,800,450,drone,303,135,316,147
IMG_20190311_131857.jpg,800,450,drone,367,42,384,53
IMG_20190318_161041_BURST9.jpg,800,450,drone,396,84,408,94
IMG_20190318_161041_BURST11.jpg,800,450,drone,384,71,396,81
IMG_20190311_131738.jpg,800,450,drone,308,100,317,109
IMG_20190311_131710.jpg,800,450,drone,530,119,540,128
IMG_20190311_131704.jpg,800,450,drone,260,126,272,136
IMG_20190311_131937.jpg,800,450,drone,513,37,527,51
IMG_20190318_161248_BURST31.jpg,800,450,drone,416,88,426,96
IMG_20190318_161248_BURST25.jpg,800,450,drone,345,72,354,79
IMG_20190318_161248_BURST19.jpg,800,450,drone,312,86,326,95
IMG_20190311_131343_1.jpg,800,450,drone,326,58,350,78
IMG_20190318_160910_BURST16.jpg,800,450,drone,344,91,365,107
IMG_20190311_132033.jpg,800,450,drone,284,71,297,81
IMG_20190318_160910_BURST1.jpg,800,450,drone,355,87,376,105
IMG_20190311_131506.jpg,800,450,drone,223,260,241,278
IMG_20190318_160932_BURST10.jpg,800,450,drone,391,60,404,70
IMG_20190318_161257_BURST57.jpg,800,450,drone,194,113,207,121
IMG_20190318_161257_BURST43.jpg,800,450,drone,314,202,326,212
IMG_20190318_161257_BURST42.jpg,800,450,drone,318,205,328,213
IMG_20190318_161025_BURST3.jpg,800,450,drone,359,39,372,49
IMG_20190318_161257_BURST56.jpg,800,450,drone,197,119,209,128
IMG_20190318_160932_BURST11.jpg,800,450,drone,382,59,395,69
IMG_20190311_132032.jpg,800,450,drone,224,74,237,84
IMG_20190311_132248_1.jpg,800,450,drone,433,112,469,136
IMG_20190318_161248_BURST18.jpg,800,450,drone,324,89,336,98
IMG_20190318_161248_BURST24.jpg,800,450,drone,338,71,349,80
IMG_20190318_161248_BURST30.jpg,800,450,drone,394,90,405,100
IMG_20190311_131705.jpg,800,450,drone,191,122,203,130
IMG_20190311_131711.jpg,800,450,drone,582,120,591,132
IMG_20190311_131739.jpg,800,450,drone,310,168,319,176
IMG_20190318_161041_BURST10.jpg,800,450,drone,383,75,394,85
IMG_20190318_161041_BURST8.jpg,800,450,drone,409,76,421,86
IMG_20190318_161234_BURST22.jpg,800,450,drone,514,39,526,50
IMG_20190311_131856.jpg,800,450,drone,340,92,356,102
IMG_20190311_131842.jpg,800,450,drone,310,90,322,101
IMG_20190318_161234_BURST36.jpg,800,450,drone,386,46,395,53
IMG_20190318_160714_BURST6.jpg,800,450,drone,337,86,389,122
IMG_20190318_161028_BURST14.jpg,800,450,drone,263,88,274,97
IMG_20190318_160837_BURST26.jpg,800,450,drone,354,82,378,101
IMG_20190318_160809_BURST3.jpg,800,450,drone,353,92,392,120
IMG_20190318_160824_BURST9.jpg,800,450,drone,322,81,351,104
IMG_20190318_161053_BURST4.jpg,800,450,drone,394,85,404,95
IMG_20190311_131329.jpg,800,450,drone,496,104,518,124
IMG_20190311_131410_BURST2.jpg,800,450,drone,256,75,277,93
IMG_20190311_131459.jpg,800,450,drone,154,83,171,97
IMG_20190318_161053_BURST6.jpg,800,450,drone,419,93,431,101
IMG_20190318_160837_BURST18.jpg,800,450,drone,319,58,343,77
IMG_20190318_160837_BURST24.jpg,800,450,drone,343,79,366,97
IMG_20190318_161028_BURST16.jpg,800,450,drone,256,89,268,98
IMG_20190318_160809_BURST1.jpg,800,450,drone,345,97,387,128
IMG_20190318_161028_BURST2.jpg,800,450,drone,281,88,294,97
IMG_20190318_160837_BURST30.jpg,800,450,drone,364,89,386,104
IMG_20190318_160959_BURST3.jpg,800,450,drone,484,53,501,67
IMG_20190318_160714_BURST4.jpg,800,450,drone,331,99,384,136
IMG_20190311_131101.jpg,800,450,drone,310,144,363,182
IMG_20190318_161234_BURST20.jpg,800,450,drone,524,40,535,51
IMG_20190311_131942_1.jpg,800,450,drone,379,82,392,94
IMG_20190318_161234_BURST34.jpg,800,450,drone,399,47,408,56
IMG_20190311_131840.jpg,800,450,drone,237,89,249,99
IMG_20190311_131707.jpg,800,450,drone,275,128,282,138
IMG_20190311_131713.jpg,800,450,drone,472,77,482,86
IMG_20190318_161248_BURST26.jpg,800,450,drone,357,76,368,83
IMG_20190318_160714_BURST18.jpg,800,450,drone,360,102,415,139
IMG_20190311_131934.jpg,800,450,drone,357,56,371,69
IMG_20190318_161248_BURST32.jpg,800,450,drone,422,88,433,95
IMG_20190318_160744_BURST1.jpg,800,450,drone,308,111,349,140
IMG_20190311_132030.jpg,800,450,drone,448,292,459,302
IMG_20190311_132013_1.jpg,800,450,drone,380,144,393,153
IMG_20190311_132024.jpg,800,450,drone,144,121,157,132
IMG_20190318_160910_BURST15.jpg,800,450,drone,349,86,369,103
IMG_20190311_131505.jpg,800,450,drone,307,300,324,316
IMG_20190311_132018.jpg,800,450,drone,429,115,441,126
IMG_20190311_131511.jpg,800,450,drone,221,88,239,105
IMG_20190318_161257_BURST68.jpg,800,450,drone,147,35,161,45
IMG_20190318_161257_BURST40.jpg,800,450,drone,344,207,354,216
IMG_20190318_161257_BURST54.jpg,800,450,drone,206,141,219,150
IMG_20190318_161257_BURST55.jpg,800,450,drone,201,132,213,141
IMG_20190318_160932_BURST12.jpg,800,450,drone,377,59,389,70
IMG_20190318_161257_BURST41.jpg,800,450,drone,331,210,342,219
IMG_20190318_161257_BURST69.jpg,800,450,drone,135,34,147,44
IMG_20190311_132019.jpg,800,450,drone,394,111,405,121
IMG_20190311_131504.jpg,800,450,drone,422,291,438,307
IMG_20190311_132025.jpg,800,450,drone,256,144,270,155
IMG_20190318_160910_BURST14.jpg,800,450,drone,361,81,383,98
IMG_20190311_131909.jpg,800,450,drone,366,178,379,187
IMG_20190318_160714_BURST19.jpg,800,450,drone,335,103,382,137
IMG_20190318_161248_BURST33.jpg,800,450,drone,440,94,451,102
IMG_20190311_131935.jpg,800,450,drone,360,50,375,63
IMG_20190318_161248_BURST27.jpg,800,450,drone,365,78,375,87
IMG_20190311_131921.jpg,800,450,drone,302,134,315,147
IMG_20190311_131712.jpg,800,450,drone,535,119,543,126
IMG_20190311_131706.jpg,800,450,drone,182,123,195,131
IMG_20190311_131341_1.jpg,800,450,drone,310,100,331,120
IMG_20190318_161234_BURST35.jpg,800,450,drone,395,47,407,55
IMG_20190311_131841.jpg,800,450,drone,373,94,389,105
IMG_20190318_161234_BURST21.jpg,800,450,drone,519,41,531,50
IMG_20190311_131100.jpg,800,450,drone,343,175,391,212
IMG_20190318_160714_BURST5.jpg,800,450,drone,337,87,390,125
IMG_20190318_160959_BURST2.jpg,800,450,drone,492,53,508,67
IMG_20190318_161028_BURST3.jpg,800,450,drone,291,93,303,102
IMG_20190318_160837_BURST25.jpg,800,450,drone,350,83,372,102
IMG_20190318_161028_BURST17.jpg,800,450,drone,249,92,261,100
IMG_20190318_160837_BURST19.jpg,800,450,drone,352,62,371,81
IMG_20190318_161053_BURST7.jpg,800,450,drone,430,90,438,99
IMG_20190311_131458.jpg,800,450,drone,182,78,202,96
IMG_20190311_131410_BURST3.jpg,800,450,drone,254,73,277,90
IMG_20190318_161234_BURST9.jpg,800,450,drone,466,49,475,58
IMG_20190318_161053_BURST3.jpg,800,450,drone,391,81,405,92
IMG_20190311_131345_1.jpg,800,450,drone,481,119,504,141
IMG_20190311_131448.jpg,800,450,drone,725,19,746,37
IMG_20190318_160744_BURST12.jpg,800,450,drone,328,118,367,145
IMG_20190311_131410_BURST7.jpg,800,450,drone,235,64,258,85
IMG_20190318_161028_BURST13.jpg,800,450,drone,270,86,280,95
IMG_20190318_161028_BURST7.jpg,800,450,drone,305,74,317,83
IMG_20190318_160809_BURST4.jpg,800,450,drone,352,91,392,120
IMG_20190318_160959_BURST6.jpg,800,450,drone,466,58,484,73
IMG_20190318_160714_BURST1.jpg,800,450,drone,354,109,406,146
IMG_20190318_161234_BURST19.jpg,800,450,drone,526,41,535,51
IMG_20190318_161234_BURST25.jpg,800,450,drone,488,43,497,53
IMG_20190311_131702.jpg,800,450,drone,332,127,345,137
IMG_20190311_131058.jpg,800,450,drone,333,142,386,183
IMG_20190311_131919.jpg,800,450,drone,244,134,257,146
IMG_20190318_160744_BURST4.jpg,800,450,drone,312,120,352,150
IMG_20190318_160714_BURST21.jpg,800,450,drone,326,92,377,127
IMG_20190318_161248_BURST23.jpg,800,450,drone,324,65,335,74
IMG_20190318_161248_BURST37.jpg,800,450,drone,484,83,494,91
IMG_20190318_160924_BURST9.jpg,800,450,drone,321,63,333,75
IMG_20190318_160910_BURST7.jpg,800,450,drone,349,90,370,107
IMG_20190311_131514.jpg,800,450,drone,336,97,352,114
IMG_20190311_132035.jpg,800,450,drone,364,73,377,83
IMG_20190318_160910_BURST10.jpg,800,450,drone,362,90,387,110
IMG_20190311_131528.jpg,800,450,drone,455,231,474,251
IMG_20190311_132021.jpg,800,450,drone,272,125,281,132
IMG_20190318_161025_BURST4.jpg,800,450,drone,359,37,372,47
IMG_20190318_161257_BURST45.jpg,800,450,drone,288,197,300,206
IMG_20190318_160932_BURST16.jpg,800,450,drone,376,67,387,79
IMG_20190318_161257_BURST51.jpg,800,450,drone,219,163,231,173
IMG_20190318_160824_BURST41.jpg,800,450,drone,356,76,387,98
IMG_20190318_160824_BURST40.jpg,800,450,drone,334,86,361,107
IMG_20190318_161257_BURST50.jpg,800,450,drone,229,174,242,182
IMG_20190318_160932_BURST17.jpg,800,450,drone,382,69,395,81
IMG_20190318_161257_BURST44.jpg,800,450,drone,296,200,310,209
IMG_20190318_161025_BURST5.jpg,800,450,drone,359,37,371,47
IMG_20190318_160910_BURST11.jpg,800,450,drone,370,91,391,108
IMG_20190311_132020.jpg,800,450,drone,338,135,350,143
IMG_20190311_132034.jpg,800,450,drone,358,73,371,83
IMG_20190318_160910_BURST6.jpg,800,450,drone,351,91,373,107
IMG_20190311_131501.jpg,800,450,drone,326,195,345,212
IMG_20190318_161248_BURST36.jpg,800,450,drone,475,86,485,95
IMG_20190318_160924_BURST8.jpg,800,450,drone,319,70,335,82
IMG_20190318_161248_BURST22.jpg,800,450,drone,322,65,332,74
IMG_20190318_160714_BURST20.jpg,800,450,drone,321,92,378,130
IMG_20190318_160744_BURST5.jpg,800,450,drone,316,122,359,153
IMG_20190311_131918.jpg,800,450,drone,95,127,110,143
IMG_20190318_161041_BURST16.jpg,800,450,drone,417,72,433,81
IMG_20190311_131059.jpg,800,450,drone,362,145,413,179
IMG_20190311_131703.jpg,800,450,drone,316,133,327,143
IMG_20190318_161234_BURST30.jpg,800,450,drone,442,44,452,52
IMG_20190311_131025_1.jpg,800,450,drone,394,174,447,210
IMG_20190318_161234_BURST24.jpg,800,450,drone,494,43,505,51
IMG_20190318_161234_BURST18.jpg,800,450,drone,521,44,534,53
IMG_20190311_131139.jpg,800,450,drone,366,94,410,130
IMG_20190311_131111.jpg,800,450,drone,251,132,311,174
IMG_20190318_161028_BURST6.jpg,800,450,drone,307,76,319,83
IMG_20190318_160809_BURST5.jpg,800,450,drone,346,88,389,118
IMG_20190318_161028_BURST12.jpg,800,450,drone,269,87,282,96
IMG_20190318_160744_BURST13.jpg,800,450,drone,330,114,373,143
IMG_20190311_131410_BURST6.jpg,800,450,drone,240,66,260,85
IMG_20190311_131449.jpg,800,450,drone,640,51,659,69
IMG_20190311_131307.jpg,800,450,drone,348,113,372,134
IMG_20190318_161234_BURST8.jpg,800,450,drone,461,50,470,58
IMG_20190311_131410_BURST4.jpg,800,450,drone,255,70,277,92
IMG_20190318_160744_BURST11.jpg,800,450,drone,322,110,364,139
IMG_20190311_131339.jpg,800,450,drone,354,136,376,156
IMG_20190318_160809_BURST7.jpg,800,450,drone,360,88,399,116
IMG_20190318_161028_BURST4.jpg,800,450,drone,294,90,305,98
IMG_20190318_161028_BURST10.jpg,800,450,drone,274,80,285,88
IMG_20190311_131107.jpg,800,450,drone,287,155,345,200
IMG_20190311_131113.jpg,800,450,drone,445,135,495,173
IMG_20190318_160714_BURST2.jpg,800,450,drone,355,102,406,137
IMG_20190318_160959_BURST5.jpg,800,450,drone,473,52,490,69
IMG_20190318_161234_BURST32.jpg,800,450,drone,424,46,434,55
IMG_20190311_131715.jpg,800,450,drone,281,80,290,88
IMG_20190318_160959_BURST18.jpg,800,450,drone,300,30,318,44
IMG_20190318_161041_BURST14.jpg,800,450,drone,413,69,426,80
IMG_20190318_161011_BURST9.jpg,800,450,drone,442,78,454,88
IMG_20190318_160744_BURST7.jpg,800,450,drone,302,114,345,141
IMG_20190318_160714_BURST22.jpg,800,450,drone,330,91,382,127
IMG_20190318_161248_BURST34.jpg,800,450,drone,459,95,468,103
IMG_20190318_161046_BURST18.jpg,800,450,drone,360,64,375,74
IMG_20190318_161248_BURST20.jpg,800,450,drone,311,70,324,79
IMG_20190311_131950_BURST8.jpg,800,450,drone,150,66,168,78
IMG_20190311_131503.jpg,800,450,drone,427,251,442,267
IMG_20190311_132022.jpg,800,450,drone,266,116,275,124
IMG_20190318_160910_BURST13.jpg,800,450,drone,382,79,400,95
IMG_20190318_160932_BURST15.jpg,800,450,drone,370,69,383,81
IMG_20190318_161257_BURST52.jpg,800,450,drone,209,150,222,160
IMG_20190318_161025_BURST7.jpg,800,450,drone,344,41,355,51
IMG_20190318_161257_BURST46.jpg,800,450,drone,271,190,282,198
IMG_20190318_160824_BURST42.jpg,800,450,drone,360,70,387,91
IMG_20190311_132255_1.jpg,800,450,drone,370,167,399,187
IMG_20190318_161257_BURST47.jpg,800,450,drone,258,187,269,196
IMG_20190318_161025_BURST6.jpg,800,450,drone,353,38,367,46
IMG_20190318_161257_BURST53.jpg,800,450,drone,207,146,220,154
IMG_20190311_132037.jpg,800,450,drone,394,78,408,87
IMG_20190311_132023.jpg,800,450,drone,203,123,217,133
IMG_20190318_160910_BURST12.jpg,800,450,drone,380,79,401,96
IMG_20190311_131502.jpg,800,450,drone,359,223,375,237
IMG_20190318_160910_BURST5.jpg,800,450,drone,356,92,375,109
IMG_20190318_161248_BURST21.jpg,800,450,drone,307,63,319,72
IMG_20190311_131950_BURST9.jpg,800,450,drone,154,64,167,78
IMG_20190318_161248_BURST35.jpg,800,450,drone,458,92,470,100
IMG_20190311_131457_1.jpg,800,450,drone,213,85,231,102
IMG_20190318_160744_BURST6.jpg,800,450,drone,312,123,352,151
IMG_20190318_161011_BURST8.jpg,800,450,drone,432,79,444,90
IMG_20190318_161041_BURST15.jpg,800,450,drone,422,72,435,81
IMG_20190311_131714.jpg,800,450,drone,374,67,385,78
IMG_20190318_161234_BURST27.jpg,800,450,drone,466,39,476,51
IMG_20190318_161234_BURST33.jpg,800,450,drone,407,48,418,56
IMG_20190311_131347_1.jpg,800,450,drone,490,295,511,312
IMG_20190318_160959_BURST4.jpg,800,450,drone,477,51,496,66
IMG_20190318_160714_BURST3.jpg,800,450,drone,352,97,410,136
IMG_20190311_131112.jpg,800,450,drone,325,126,384,164
IMG_20190318_160837_BURST23.jpg,800,450,drone,347,80,366,97
IMG_20190318_161028_BURST11.jpg,800,450,drone,274,81,285,90
IMG_20190318_160809_BURST6.jpg,800,450,drone,350,92,389,120
IMG_20190318_161028_BURST5.jpg,800,450,drone,305,78,317,87
IMG_20190311_131410_BURST5.jpg,800,450,drone,245,67,271,88
IMG_20190311_131338.jpg,800,450,drone,345,140,367,158
IMG_20190318_160744_BURST10.jpg,800,450,drone,321,112,361,139
IMG_20190311_131633_1.jpg,800,450,drone,449,78,461,87
IMG_20190318_161053_BURST1.jpg,800,450,drone,398,74,410,84
